narration_id,narration_text
1,"There is one toilet inside a room. There is a door to one side and a garbage can to the other side of the toilet. The toilet is in a divot in the white and blue tiled wall, like it is a stall, but there is no door in front of it."
2,There is a room with a lot of similar machinery. On some surfaces there are multiple dials. There are steps leading somewhere and on the roof near the steps are a large amount of tubes and valves.
3,"There is a large empty room in some sort of dining area. There are many white tables with red and blue seats. All tables of grey tablemats and a single plant with a pamphlet positioned to stand up. Some tables have cutlery while others do not. Other than the seats, and a distant wall with some colour, the room has neutral shades, the floor is black, and walls and roof are white."
4,"A man in a red checkered shirt sits at his bed on his phone. He stays on it for a moment before putting it to his bedside table, getting up from the bed and retrieving a remote from a table across the room. He uses the remote to turn on a wall mounted TV positioned in front and to the right of hid bed. He then sits back in bed with the remote in hand and begins pressing buttons on it."
5,"There is a white washroom covered in blood. The words RUN are written in blood on the wall above the toilet. Next to the toilet is what looks like a washing machine with a large pool of blood and an axe on top of it. There is blood also on the toilet seat, the sink, the mirror, most of the walls , the shower curtains and on the floor as well as leading up to the door."
6,"Pigeons are intitially within a shed on their perches, but start to fly down to some sort of feeder, one by one. As one of the pigeons flies down, something happens and causes the pigeons to fly away from the feeder and back up to their perches.There is an open doorway next to the pigeons feeder."
7,"A heavily armoured automatic door opens to reveal a person in an orange hazmat suit. Once the door fully opens the person steps out of the door and presses a button to close the door. Simultaneously an illuminated sign is flickering. The person waits for the door to close before proceeding onward to another button, once they press it another heavily armoured door begins to open."
8,There is a forest with some snow around. There are birds chirping the background. Some trees don't have leaves but the ones further and to the right are pine trees and still have theirs.
9,A firetruck and an accompanying red van are backing up into their respective spaces inside a fire station. The firetruck beeps and flashes its resversing lights as it backs into its unit. The yellow writing on the firetruck is not in English. 
10,"Two teams are playing soccer. One is wearing yellow jerseys the other is wearing orange.The ball is kicked towards one yellow team player and one orange team player. As the orange player positions to recieve the ball a yellow player fouls him and the referee calls this. The game stops momentarily, and the orange player stays on the ground for a moment before getting up. The orange team is awarded a freekick and another player wearing the number 5 takes it as the game resumes."
11,"There is a neighbourhood ahead and below. The view is as if the camera is positioned in a place high up. There are noises of construction in the background and there are two people below and to the right in a fenced off area. The streets look wet with rain and there is much overcast, making the scene gloomy."
12,"A person with long red hair is graffitiing a broken down building. The building is in terrible shape, the small tiled windows on the upper quarter are largely broken, there are vines overgrowing certain areas of the building as well. There is also some graffiti already on the building in blue, although small with the letters NbC. The person in the video continues to graffiti and takes a moment to look at it and shake the bottle of spray paint before continuing to add to it. They then take another pause before the video ends."
13,"There is a long tunnel, the roof is covered in white tiles and the wall is too although the tiles are different. A light approaches from the tunnel and comes closer. The source of the light is a person on a bike. They continue to move down the tunnel. Behind them are two people wearing black travelling down the tunnel."
14,"There is a large crowd inside some sort of gymnasium or event area surrounding a group of breakdancers. The lights are similar to a concerts, moving around to add to the preformance. There are large letters in fluorescent pink in the background. The breakdancers consist of 5 people, 4 in blue and 1 in white. One of the breakdancers in blue starts the preformance while the other 4 wait. once the initial part is done the other three start there routine while the 1 in white remains knelt. Eventually one of the three starts a solo portion and the others go to kneel with the one in white."
15,There is a very dark underpass with a person initially in frame of the camera but then moves off to the right into some forestry. A biker approaches and passes and a runner in a bright top comes from the opposing direction until they are scared and grabbed by the initial person. The runner screams but then starts to laugh as they are carried off camera.
16,"A person is walking on a trail in some shrubery with some trees around. As a person approaches from the other side of the trail where it is open greenery, the first person puts on a mask. They then position themselves behind a tree as the runner in a green top approaches. The masked individual then jumps out and grabs the runner as they scream. The masked person carries them behind the tree as the runner struggles to escape."
17,there is an indoor go kart track with a session going on. The racers pass by as their tires screech on the grey pavement. The track is outlined with black and green alternating borders.
18,"The room is largely white and cream coloured. there are 4 large storage doors and a silver trolly next to the doors. A person in a blue top and white pants with surgical gloves on comes into the room and opens one of the doors, revealing three trays with something bundled up inside a white back. The person pulls the middle tray slightly out and rests the door on the tray leaving it adjar and then leaves the room."
19,"5 people are walking through an automated sliding door, one of which is on a stretcher. A person in a bright red jacket and black pants leads the group, while another person in a bright yellow and red jacket and pants pulls the stretcher along. Once they pass through the first door another person in a red jacket and black pants begins to push the stretcher towards the other door. The second door reads STOP in red words, all other words are in a foreign language. The remaining two people are wearing yellow and red jackets and pants and accompany the stretcher as they move along."
20,A person in a white lab coat sits on a chair and uses a machine to examine another persons eye. The other person sits across and is wearing a black top. The room they are in is largely neutral in colours. The door is open and says 14 in yellow. The person in the lab coat moves the machine from one eye to the other before adjusting both the machine and the man being examined before looking back into the machine.
21,"There is a neutrally toned room and corridor with a doorway ahead that is bright green. Through the doorway, a person in black is standing and starts to moves to one side of a mat on the floor. A person ahead of that person in a blue top and white pants is struggling to do something, so the person in black comes back over to help. They begin to lift a person off something and onto the mat on the floor. Simultaneously, a person in a red jacket, blue shirt and white pants and another person in a cream top and black pants come out from seperate areas and walk to two seperate areas. The person in the cream top turns off a rooms light and turns it back on as she starts to look through the room. The person in the red, blue and white does something at some sort of moving cabinet before going back to where she came from. Meanwhile in the other room, there are actually 4-5 people besides for the person unconscious. All of which wearing the blue top and white pants except for the one in black."
22,"There is a person standing outside of a building during night. The person is wearing white and begins to light something in their mouth. Once they accomplish this, they put the lighter in their bag as they start to cough prefusely. Still coughing they sling the bag over their shoulder and begin to walk out of frame."
24,"A person in blue jeans, a black jacket and white shirt wearing a bag walks across the street during a sunny day. A bell chimes in the background. The street is made of bricks and the architecture of the buildings is foreign to Canada."
25,"A person is doing a dance routine in a gymnasium. The gymnasium has a wooden floor and has poles throughout it. The person dancing is initially upside down in a hand stand position, dancing with their legs. As the music shifts and stops the person turns upright and continues their routine as the music begins once more."
26,"Two horses, one white and one brown are outside a brick barn but are contained by a fence. The trees are all leafless and the leaves are dead and on the grass surrounding the area. The barn is weathered and the fence is just a short vertical post connected to a longer horizontal post."
27,There is an orange opening to a waterslide with water pouring out inside of a room with flooring consistent of what is found in swimming establishments. People start to come out of the opening on swimming rings. The first person appears and falls of their red swimming ring followed by two others who went together on a blue swimming ring meant for two people. Two more people come after them on seperate rings that are coloured yellow.
28,"A group of eight people are on a stage preforming a dance to a large seated crowd. The people on stage are all wearing the same clothing, white tank tops and blue jeans. The lights shining down on them are of various colours. The dancers rip their tops off during a portion of the dance and use their shirts as a prop for the dance as the surroundings lights start to flicker and move around aggressively to the portion of the dance."
29,"There is a small crowd listening to music on top of some sort of hill, looking down on the view of the city below during the day. People are engaging in different acts, some are seated, some on their phones, some are smoking, some are dancing, some standing and just watching and some engaged in conversation. Of those who are seated, some are on the floor, some on a segment of a couch, and some are in foldable chairs."
30,"there is a large white house with a big brown driveway that leads down somewhere. There are paln trees and fern trees as well as other shrubbery around. The day is sunny but still has some overcast. Three people walk across the house, not as a group but in a uniform line."
31,"There is a large open area filled with forestry. The trees have green leaved on them but there are still brown dead leaves covering the ground beneath them. There are logs as well on the ground and stumps of trees. Slightly beyond the immediate forestry, there is a well made path within the forested area. A person in a green vest and black pants holding a bucket appears, followed by small, white, furry four legged animals with busy tails. There are 4 of these animals and the person begins to feed them what is inside the bucket."
32,"There is a large open area filled with forestry. The trees have green leaved on them but there are still brown dead leaves covering the ground beneath them. There are logs as well on the ground and stumps of trees. Slightly beyond the immediate forestry, there is a well made path within the forested area. A person in a green vest and black pants holding a bucket appears, followed by small, white, furry four legged animals with busy tails. There are 4 of these animals and the person begins to feed them what is inside the bucket."
33,"There is an overpass, cars flowing in opposite directions seperated by two dividers. Cars are also travelling on the bridge that makes the underpass. The railings of the underpass are red and the trees surrounding have their leaves but the leaves are changing colours past green, like brown and orange."
34,"There is a rock climbing area to an establishment. The floor is padded as the rock climbing is without harnesses but the walls are short so that it is not dangerous to fall from.The walls are green and white and the grips are an array of colours. There are 5 people present in the room, 3 climbing on different sections and two not climbing. Of the two not climbing one is sitting on the blue padded floor and the other initially sits before joining the sitting person. One of the people climbing dismounts and walks near the two seated people to grab some chalk. The first seated person gets up and moves towards the furthest wall."
35,"There is a car dealership filled with various different volkswaggen models. Most of the cars are white and black but there is a red car in the distance. A portion of the floor is white and a portion is black, the cars are scattered all over the flooring with generous amounts of space between them. There are also some rooms and some areas for seating."
36,"A gathering of some sort is occuring. There is pop music and party lights and people are dressed in formal wear, that being suits with ties and dresses as well. The main area is distant but people are in this more sectioned off area engaged in conversation."
37,"A large gathering is happening inside of a gymnasium fitted for a party. There is a large chandelier and party lights adorning the place. A person leads the large group of people on the stage with cues in a foreign language. The group of people on the gym floor dance similarly to one another in an orderly fashion, using mostly feet movements. Everyone is dressed in formal attire, that being suits and dresses."
38,There is a very dark room with small lights scattered around and one light illuminating a figure whose face is only visible from the nose to eyebrows. They are wrapped in some sort of zipup jacket that is pulled up to cover most of their face. They make a noise resembling a giggle during the video. There is white writing across the background behind the person.
39,A person in black is lying on an elevated surface getting a tattoo on their lower calf/shin area from another person wearing a black cap and top and camouflaged pants. The establishment there in has a grey floor and mostly white walls but has one section that is white and purple. There are other elevated sufaces for people to lie on towards the purple and white wall. 
40,There is an amusement park with a ferris wheel going around. The camera is inside one of the compartments of the ferris wheel. The ferris wheel is mostly white with some red. There are cars parked on the grass and people are walking through the amusement park. The day is sunny and there does not seem to be much overcast.
41,There is a person waiting at a restaurant. The person is wearing a black top. The other person in a grey top and apron grabs food and goes over to the seating area. There are workers behind the counter all wearing orange except for one who is in blue. The establishment is serving Middle Eastern food. The flooring is checkered white and black. The person waiting opens the door so more people can enter the restaurant.
42,There is a large open area with various posters for movers scattered around. There is a poster for the movie WIDOWS and another for the animated spiderman movie. There is a central circular kiosk where people are interacting with the workers behind the kiosk.There is also a set of stairs that some people walk up. People enter this complex through a set of doors directly ahead of the kiosk.
43,"there are roughly 7-9 puppies inside of an area meant to house them. The floor is covered with some sort of wooden chips and there are small hay-bails scattered around. There are some mattreses where a couple of puppies are sleeping while the other puppies play fight with one another. The puppies are all black and are around the same size. The area is well llluminated, has white walls and an unpainted roof. "
44,"There is a long tunnel that is poorly illuminated. The tunnel walls are not of brick but are instead jagged rocks. The path is well developed and cemented out. There are tube lights that are spaced out but they do not light up the tunnel well, keeping it mostly dark."
45,"There is a brown coffin with white flowers on top of it with a red velvelt background. Ahead of the coffin are rows of chairs on a black carpet. The area is neatly kept, has white walls and a white roof with grey tiled flooring. The area with the coffin is more well lit than that of the chairs."
46,"There is an orchestra preforming inside of a church. The orchestrator stands in front of rows of people who all have (a) sheet(s) of paper in their hands. The Church is dimly lit, only the orchestra themselves are well lit. Suspended above the preformers is a large brown cross."
47,"A team of healthcare professionals, dressed in blue scrubs with masks, hairnets and surgical gloves preform surgery inside a green room. Inside the room is a TV and much equipment. Two people stand over a table with tools and hand it to the person preforming surgery when they require the tools. There are also people not immediately involved in the surgery wearing green scrubs and not wearing gloves. "
48,There are aisles within a largely empty section of a grocery store selling an array of items. This section of the store has a white room and white flooring and walls. The store si well lit with a combination of spotlights and tube lights. One person with their hair in a ponytail and wearing a headband is shopping with their black shopping basket. They are wearing a forest green jacket with black pants and shoes. As they move down the aisle they come upon an item they are interested in and pick it up before bringing it closer to their face. They then place it into their shopping basket which already has quite a few items in it.
49,There is a large walking park with large buildings in the background. The park is very well maintained with very green grass and trees full with green leaves. The walking path is around a central large open grass area. Within this grass area are seats positioned tidily next to eachother facing another seat ahead of them. The seats are foldable red chairs.
50,"There is a long hallway with people in masks and gear in it. They seem to be wearing some sort of protective gear and are armed with weapons. Intitally there is a large bang and a yell before one of the people backtrack and finds cover behind a corner, the door they were breaching slams shut and anotehr person slowly backtracks as well. The other roughly two people yell before advancing down the other side of the hall. As this is happening another person on the opposing side from all this action, not involved, just watching. They are wearinga blue vest and a mask to differentiate from the others. The setting is neutral colours, a white roof, cream and white walls. There is a staircase one could enter this area from that has glass doors."
51,"Three people are in a shooting range. The section they are in is a long hallway with no doors on the walls, just one exit/entrance and the other end has the target. The flooring is blue the walls and roof are white. Of the three people, one is shooting gun, they have long hair in a ponytail and are wearing a grey sweatshirt and black pants with red shoes. The person next to them is watching them shoot and standing over a table with items on it. The person standing by the table is in a darker tone top and cream coloured pants with black shoes.The last person has a green hoodie and is standing further behind the other two."
52,There is a large open area outside during the winter. The trees have no leaves except for the pine trees and the ground is matted with snow. The snow for a portion is well travelled on having footprints as well as prints that indicate something being dragged or driving over. There is not much overcast whatsoever.
53,"There is an elevated rocky area, not dissimilar to what would be on a mountain, with people gathered on it, sitting and looking at the view of a distant city ahead. The area is in some sort of park area with paths and greenery all around. people are gathered in seperate groups and not as one big one. Some sit alone, others with a friend or partner. Some people are standing and others walking by. The sky is clear and the day is sunny."
54,"Inside of an enclosed area, a person sits at a drumset practicing. The area is filled with equipment for music like speakers, cases to hold instruments, more drums.The floor is black but where the drummer plays is on a red and gold patterned carpet. The person is playing on a white and gold drumset and is wearing a light grey top a black beanie and blue jeans"
55,"a person in a hat, dark grey top and light brown/cream pants is at at a brown wooden table inside of a well illuminated room with a white roof and gray floor. The person is assembling an unloaded hand gun and once they finish they point it at the white cabinet ahead of them, looking down the sights. The room is fill with various riflces and guns and also has heavy duty cabinets, one of which is wide open."
56,"5 people, excluding the instructor, are doing an exercise class in which they hold a pole that resembles a barbell on their trapezoids/back while doing various squatting movements. They do these exercises with music in the background and following the instructors movements. The room they are in has a gymansium floor and is well lit. It has some blue coloured lighting. The instructor stands on a slightly elevated stage in front of the attendees. In front of each person is a step platform with different weighted plates around it. The colour of the platform and weights is mostly black with highlights of red."
57,"A person with long blond hair in a ponytail, wearing a grey long sleeve top, is seated on a blue couch that is covered with a blue sheet. The person is feeding a baby wearing a light gray top and yellow pants with a bottle. They are in a living room area that is open and leads town to a dining table. The walls and roof are white and the floor is a light brown. The sun shines through the windows illuminating the area. "
58,There is a large elevated walkway with a stone/brick barrier overseeing a town. The pavement is wet with rain and there is much overcast. There is no crowd but there are some people present walking around. On one side of this elevated stretch there is something that looks like a medieval gazebo/tower with steps that allow someone to walk into it.
59,"There are many people at a subway station. Many have suitcases, some are passing through, others waiting for their train. On one side a train is already present. Something is announced on the speaker that causes a large amount of people to gather to the side where there is no train. A train arrives at that side, it, like the other train, is white with red stripe towards the bottom. The train does not stop during the video. "
60,"there is a dimly lit room with a black tarp in it. The roomis all white other than the tarp. The only light sources are three candles, one is rested on a sink, the other on some sort of shelf by the sink and the last is rested in front of an upside down cross."
61,"A person in a black jacket, pants and gloves is shovelling the side of a roadway within a neighbourhood that has experienced heavy snowfall. Most of the cars have some snow on them, but one in particular is covered in it. The snow is compacted on the road and the person is shovelling the side towards the curb. The houses are of similar architecture and some are vibrantly coloured, some are green and another red, but most are neutral colours. The day is sunny and the sky is blue with very light clouds in the sky. As the person is shovelling a car passes by, but it does not disrupt him."
62,"There is a long hallway with brick walls, a white roof and a brick floor. On one side of the hall are large cells. The bars of these cells are silver. One of the cells houses a black dog that starts to bark in response to a faint bark in the background. The dog moves around sporadically as it barks in the cell. The cell floor is littered in a mess but I cannot tell what it is."
63,"It is a sunny day with few clouds on a long strip of beach. The sand is light brown and covered in footprints. Small waves come onto the shore from the blue ocean ahead.  To one side, people are seated and standing on the beach, some have umbrellas that they are under. To the other side is are rows of white chairs facing the ocean. Behind the beach there is a light brown fence and beyong that ther are some houses."
64,"A person with curly dirty blonde hair plays piano in a room that has white walls, a white roof and brown flooring. The piano is brown as well. There is a window next to the piano that is open revealing the buildings in front, the sun seems to be mostly set but there is still some light left in the day.Th person playing the piano is wearing a red top."
65,"There is a large room that has white roofing, walls and dark grey tiled flooring. There are many cages in the room, most are empty but there are some with cats that are meowing. The cages with the cats have litters inside. The cats are white and black. To the other side of the room there are white cabinets over a sink area and beyond that is a white shelf."
66,"There is a large room that has white roofing, walls and dark grey tiled flooring. There are many cages in the room, most are empty but there are some with cats that are meowing. The cages with the cats have litters inside. The cats are white and black. To the other side of the room there are white cabinets over a sink area and beyond that is a white shelf."
67,Chickens graze a field in a fenced area. the fence is not of wood but a thinner matieral. The chickens are mostly brown and are walking around during the video. Some start to jump around towards the end. The day has quite a bit of overcast and the grass is very green. There is a building with a big poster on it that says Freiland-Eier with pictures of white chickens and eggs on it.
68,"People are going about their lives at a city square. Some people are standing around, others sitting in various places talking, others are walking around. The day is sunny with little overcast. There is one lady with a black backpack, grey top, blue jeans and pink shoes who is posing for a photo. The city square has many digitalized buildboards dispaying various ads. "
69,"A person with a bald head wearing a grey polo/dress shirt, black pants and black shoes is giving a haicut to another person sitting in a chair with a white cloth wrapped over them. The place they are in is well lit and has other areas for cutting hair with mirrors in front of the chairs. The chairs are grey and the colour scheme of the shop is grey and white. There are other chairs that are not for cutting hair but washing it. The only people in the shop are the two mentioned before."
70,"Two people are in the back of a paramedic van. One is unconscious and is attached to various machinery. They are wrapped in a brown blanket. The other person is sitting at their head and taking notes while periodically looking up. They are wearing a light grey top, a blue mask and blue surgical gloves. The back of the van is white with some orange here and there. There is also a security camera in the back of the van."
71,There are many young pigs seperated in their pens/closed off areas. The pens are green with a large feeder within it. The rest of the area is white except the flooring which is brown. The pigs are rushing to either feed or are running around their pens. The pigs are light pink and small in size compared to a full sized pig. The area is well lit with tube lights.
72,Two people are playing mini golf in a glow in the dark facility. The area is dimly lit with purple lights at the top. The clothes of the people playing are not discernable because of the lighting. The ground looks blue in the light. The walls look green in the lighting. There are theme of the place is something resembling the antarctic or the northwest territories in Canada. It is supposed to be very cold with snow on the ground and paintings of people on the wall in kayaks dressed very warm. there is also a statue of a polar bear and various structures similar to what you would find in that climate.
73,"A person in a long sleeve dark top and lighter pants is at a shooting range firing a gun in one of the designated areas. they are also wearing a cap with earmuffs. The person periodically shoots the rifle instead of repeatedly in a quick fashion. The person is sitting down while leaning the rifle on the table and shooting. There are barriers on either side of him and then another seat where other people can shoot. There is a seperate area to one side of him that is seperated by an entrance followed by a door. The other side of him is a white wall. The ground is a dark grey and well lit, the walls are white."
74,"There is a grey stone tiled walkway with a street in the middle. The people are walking sitting and others are waiting for busses. The street is facing a large building that has architecture similar to a parliament building. The busses are large red, double decked busses. One is on either side of the road going in opposite directions."
75,"There is a grey stone tiled walkway with a street in the middle. The people are walking sitting and others are waiting for busses. The street is facing a large building that has architecture similar to a parliament building. The busses are large red, double decked busses. One is on either side of the road going in opposite directions."
76,There is a small room with minmal furniture. The room is largely white except for some of the furniture and the floor. The floor is grey. There is a light brown desk and light brown chair at the desk. There is a cabinet that is also light brown. There is a small bed with just a bedsheet that is white and light grey stripped. The last bit of furniture is a metal toilet connected to a sink.
77,"There is a large open area, mostly open field. There is a large building with a large area that is pavement leading to a landing pad where a yellow helicopter is starting to land. The helicopter intitally starts far but gets closer and lower as the video goes on. The day is sunny but has some overcast. "
78,"Three people are inside a largely white bedroom laughing together. The room has a white roof and walls, one wall is slanted downwards as if its a part of the room and has a window in it. The floor is wooden and brown. The people are laughing together, one of them is wearing white and black pants and a shit and is standing slightly farther and leaning against the wall at times. The other two stand closer together and one is wearing a red shirt and blue zipup with black pants, the other is in a grey shirt and black pants. The people standing closer together are standing on a red carpet. "
1,"Public washroom is silent. There is no one inside. There is one toilet and a bin. The walls are made of white rectangular tiles and a blue stripe along the perimeter of the wall, on the even level. It is clean inside and bright."
2,"Inside of a mechanical room with a lot of technical appliances. It is tan colored. There are a lot of black knobs, gages with red arrows. There is a big pipe on the celling and a helm connected to it. On the left side of the room there are stairs with three steps that lead to another room."
3,"Inside a restaurant. Multiple chairs stand across the room, orange and grey colored. The tables are white, simple, and there are no people inside. Tables have napkins on them. The room is bright with big floor-length glass windows. Over some tables, there are chandeliers of simple design, black and circular."
4,"Inside the apartment bedroom, that it is white and spacious. A man sits on a bed, he is looking at his phone. He places it on the nightstand shortly after and gets up from the bed. He moves towards the other table and grabs a remote from the TV. He returns to the bed and turns on the TV."
5,"Inside of the bathroom with a shower, washing machine, toilet, and a sink. The white tiles of the walls are covered in blood. There are marks of hands on the toilet cover, walls, and the curtain of the shower. There is an axe lying on top of the washing machine next to the toilet, it is covered with red blood, it made a small puddle. Over the toilet, there is a sign painted by blood that says ""RUN"". There are no people inside. "
6,"Pigeonry with 7 pigeons. It is made out of wood and has some rectangular shelves inside for the birds. There are two windows, one of which is smaller. The floor is filled with a thin layer of sand, there are also a few wooden plaques laying around. Pigeons are flying up and down near the same wall. They are calm."
7,A corridor with light yellow walls. There is a lamp on the wall. A sturdy door slowly opens and we see a man in a yellow head to toe costume. He is wearing a gas mask and black gloves. The door slowly closes when he is already inside. He comes up to the wall with a phone on it. He touches it and starts to dial in some numbers. This while time the light of the lamp slowly flashes.
8,A nature scene. Bright blue sky in the winter with some hills and trees. Trees do not have any leaves anymore. The wind blows and the branches slowly rock.
9,"Outside of the fire department station. There are two trucks going inside of the red building. The sides of the truck display a number ""112"". Both of the trucks are red."
10,"It is a football match on the grass field. The weather is cold, and people who watch the match are wearing jackets. They stand near the pitch. One man sits on a chair, watching the practice. The players are wearing orange and yellow uniforms. The player with number five in an orange t-shirt standswith  the ball and gives a pass to his teammate. They continue to play."
11,"A cityscape of a small town somewhere in Britain. The camera is positioned on top of the old building, that is being renovated and has scaffolding on the two peaks. The weather is windy and cloudy, one white car passes down the road. The private houses are mostly brown and white. The trees have a little bit of green on them. "
12,"An abandoned old building with grey garage doors. A woman paints graffiti in a bubble style on them. The windows are cracked and after she finishes, she steps back."
13,Somewhere underground in a tunnel with a dimmed lighting. It is empty except for a man on a bike that rides it slowly.
14,"The scene is set inside of the concert hall. There is a large dance floor, and dancers are in the center. They are performing in the centre while strobe lights shine in the background. Lights are purple and blue. A big crowd around the dancers is cheering and watching them."
15,"The scene is set inside of a tunnel, where a dark evening is seen. A cyclist goes inside of the tunnel. After that, a woman running from the other side appears. She is attacked by a man who drags her to the side. They dissapear in the dark."
16,"A man approaches the camera, putting on an anonymous mask. Then he proceeds to hide behind a tree next to him. He waits while a woman in a green shirt, who is running, passes him. He drags her by the waist, while she struggles to break free. They struggle and fight, but he makes it to the tree where he was hiding with her."
17,"Inside of a carting treck, cars are going around in circles. There are 8 drivers, who drive slowly, without bumping in anything."
18,"Inside a morgue room, which looks very clean with white tires on the floor and warm lights. There are 3 refrigerators. A blonde woman in blue scrubs comes in through the door. She opens one of the fridges and pulls the tray with a body in a white bag halfway. It stays in that position. Then she goes away, leaving the tray out and the fridge open."
19,"Inside of an entrance to the hospital. A group of paramedics in red and green warm suits comes in. They walk through the sliding door slowly. They have a patient lying on a rolling table, covered in blue blankets. The group of people continues to walk in to the next sliding door. They dissapear after that."
20,"Inside of an optometrist's office, there is a doctor examining a patient's eyesight on a special machine. They sit in a corner of the office, next to the doctor's computer. The doctor is wearing a white coat, the patient is in a long-sleeve sweater. The door to the room is open to the inside, and the room's number is 14. "
21,"Inside the hospital's corridor. The walls are painted white, and there are some medical devices along the walls. The doors to one of the exam rooms is open and we see a nurse there. There is also two women passing by, a nurse who brings a woman to the exam room. The nurse, who is wearing a red jacket over her uniform, goes away once the patient is inside. Meanwhile, the patient flicks the light switch."
22,"Outside of the hospital entrance, in the evening, a woman wearing white coat tries to put on her backpack. She struggles a lot because of the weight and her posture slouches once it is on her shoulders. She goes away."
24,"On a square in a European city, there is a catholic church. It is white and located in old part of the town, with cobalt road. A woman passes by towards the small houses, which are yellow. Except for her, it is empty."
25,"Inside of a dance studio, there are poles for dancing. There is a woman, standing on her arms upside down, she moves her legs slowly in a wave-like pattern. She gets down on her knees and continues to dance with her arms, sitting down. She performs a split and gets up."
26,Two different horses on a farm are standing near the fence. They are calm and looking around. One of the horses moves their head down to graze some grass. The weather is cloudy and gloomy.
27,"The bottom of the aquapark slide. Some finish their slide down and try to get up with their tubing. They come out of the water in pairs, one by one."
28,5 men are dancing in front of a large crowd. Strobing lights flash and the men rip their white tanks off their chest. They start spinning their shirts as if they are about to throw it in the audience and point to people in the public. The dancers stop and continue to hold it above their chest.
29,"A large number of people sit on top of the hill. They watch the sunset. People are in small groups chatting, hugging, and looking at the view."
30,"An outside of a big old white house. There are palms in the court, the sun shines brightly and there are a lot of trees outside. There are some people exiting the house moving outside."
31,"The scene is set in a park, on a bright day. A woman comes into frame and there are a few grey foxes following her. She stops near a fallen branch and starts feeding the animals. They come in a circle and follow the food."
32,(missing)
33,"There is a busy highway, and the camera is set on top of a crossing bridge for pedestrians. There are a lot of cars going in different direction. The bridge is red, and the highway is surrounded by trees."
34,"Inside of a climbing centre, one boulder tries to climb up a wall with an incline. He places his legs carefully. There are other people as well on the other wall. Two people also observe sitting further from the wall on the matt."
35,Car dealership. There are a lot of cars from volkswagen. They are shiny and stand far apart from each other. 
36,"It is inside a dark ballroom. Many people are going around, dressed in official tuxes and floor-length dresses. The ceiling is bright pink, with some blue accents. The light wooden parquet floor reflects the lights. Further in the room, there are more people in small groups. Close to the observer, there is a roulette that spins, while the croupier collects the chips and moves away, walking to the other side of the room."
37,"Inside a concert hall, there is a performer on the stage with a microphone, dancing in front of a large crowd. The audience is dressed officially, and they mimic the moves of a man on the stage. People jump and wiggle their feet in rhythm. Disco lights strobe and play around. There is also another man who comes on stage at the end from the audience. He walks straight to the performer and takes the microphone from him."
38,"There is an empty black scene. There are some dots of light far away and a man stands with a flashlight directed on his face from upside down. Above him, there is a big blob of yellow color and some signs inside that resemble letters, but the resolution is not that good."
39,"Tattoo office with a man tattooing a woman's ankle. It is spacious, with another table in a corner. A tattoo master picks up a machine and moves closer to the leg, leaning in to get a closer look. The client lies there on her back, looking down to see what is going on. "
40,"Inside of a cabin of a Ferris wheel. It has bright red railings and is circular in shape. The wheel slowly spins and we can see the surroundings down on the ground with multiple cars parked and trailers. It is sunset time. We see some people walking on the ground to the merry-go-round, which shines brightly."
41,"Middle Eastern restaurant with display cabinets and some food in them. A customer walks in and picks up their food. At the same time, there is a woman who is still looking. Close to the entrance, there are clear fridges with drinks in them. Employees are cleaning the open kitchen and preparing a kebab with meat that spins on a stick."
42,"Movie theatre entrance with multiple posters of new films. In the centre, there is a check-out with a cashier talking to the customers. People are walking to the doors of the cinema halls. In the corner, people are walking up and down the stairs."
43,"Inside of the room with hay and mats on the floor. 8 dark puppies are inside the room. 3 of them are playing with each other, biting and sniffing. Other puppies are asleep under the warming lamps."
44,Inside a dark tunnel at night. The walls are made of stone. There is one pipe going along it closer to the floor. There is only one lamp that shines on the side.
45,"Inside of a church with a few rows of chairs. It is bright inside. Near the lectern, there is a coffin with a big pile of white flowers on top of it. There is no one inside. There is a cross on the wall, and windows have some mosaic on them."
46,"Inside of an old catholic church, there is an orchestra giving a performance. The dirigent faces the audience with his back, meanwhile the audience is sitting on the bench. The orchestra plays following the gestures."
47,"Surgeons are performing a procedure inside the operating room. It is really bright inside with multiple sources of light. They are wearing blue costumes, while around one table in the centre. "
48,"Inside the supermarket, there are aisles of canned goods. A woman wearing a green coat comes to the boxes with tea and stands there for some time. She picks up one and places it in her basket and goes away."
49,"Outside, in the park somewhere in the city. The point of view is on the green grass, overlooking some tall office buildings. There are some cars parked outside of the park."
50,"Inside the building corridor, there are armed men in black bulletproof vests and masks. They retreat to the back and point the gun at the end of the corridor. There is also another person standing against the wall, wearing blue vest. They do not take part in the whole action."
51,"Inside the shooting range, there are two men and one woman who shoots in the target. All of them wear earmuffs. One man helps her to reload the gun, while the other stands there in the back."
52,"Winter day in the countryside, ground covered in snow. Sun is really bright, and there are trees growing in one straight line "
53,"A lot of people are sitting on the rocks. They mostly sit in pairs. Behind them there is a park with trees, and a city skyline."
54,"Inside the studio, we see a drummer practicing on his set. There are multiple drums in the other corners of the room."
55,"The gun shop. There is a man in a cap who is polishing his gun, looking at it, and assembling. There are rows of riffles behind him, on display. "
56,"During a fitness practice in the gym, there are 5 women with a barbell on their shoulders, performing squats. The gym is bright inside, with one big circular light source in the centre. After squats, they start doing Bulgarian split squats with the same barbell."
57,"There is a large living room, and a big blue couch sits in the center, where a woman is seated. Near her, there is a baby on a pillow. She feeds the baby from a bottle. We see a dining table behind them. "
58,"A panoramic view. There is a big white ledge made out of concrete and tiles. In the left corner, there is a tower with four columns. It is brown. "
59,"Train station, while one train departs. People leave with suitcases rolling behind them. It is sunny and bright outside. In the centre, there is a staircase that leads underground, and some people go there. At the end, a man is passing by with a trolley."
60,"Dark bathroom with candles. One candle is on top of a sink, twinkling in the wind. The other is next to it."
61,"Outside in winter, there is a person shoveling snow from their car. It is a street with houses 2-3 stories. There are a lot of other cars along the street as well"
62,There is a corridor that resembles a prison cell with barrs in each room. Inside of a small room there is a dog who plays with the rug on the floor. It wiggles it's tail.
63,"It is a beach in the morning, with the sun high up in the sky. The sea is light blue, with the waves along the shore. The sand is white. There are some people closer to the water. There are also beach houses further behind the fence that divides the beach from the grass."
64,"A person is playing the piano, next to the open window with a view of the city. It is dark outside, and the houses have light in their windows. There is another piano as well, put nobody plays it. "
65,"It is a veterinary office with white tiles on the walls. There are kittens inside the small units, going around from side to side. The cats are white with black marks on them. To the right, there are two sinks and kitchen-like cabinets at top. One cat tries to escape its little chamber, so it climbs up the wall inside it."
66,"It is a veterinary office with white tiles on the walls. There are kittens inside the small units, going around from side to side. The cats are white with black marks on them. To the right, there are two sinks and kitchen-like cabinets at top. One cat tries to escape its little chamber, so it climbs up the wall inside it."
67,"In the countryside of the chicken farm. Multiple hens are going around in the grassfield. Behind them there is a barn with a poster that says Freeland. Chickens go around, flying and tasting the grass. The weather is cloudy and the trees behind do not have any leaves on them."
68,"Busy square in the city. There are advertisements on the glass buildings. There is a woman in the centre, she tries to take a picture. She does a pose of her hands up in the air, and the photographer suggests her to try another angle. She goes to the other corner. Meanwhile, a lot of people cross the street, cars go around."
69,"Barber's office. One man does a haircut on the other. He trims his hair. There are only two of them in the shop, but there are multiple empty chairs."
70,The ambulance car. There is a patient and a nurse checking his vitals on the screen. The patient is covered with blankets and has an oxygen mask on his face. She writes something down on the paper. 
71,Inside of the pig farm. There are many small pigs running around and feeding from separate containers filled with food. The containers have blue lids. Each enclosure consists of a small green fence.
72,"Inside of a museum exhibition. The exhibition is dark to resemble a night with a bright northern light picture. There are figures of animals such as bears, moose, and fish. There are also figures of people dressed in fur, covered head to toe. There is also one real human who stands and looks at one part of an exhibition with a wolf in it. "
73,"There is a person inside a shooting range, sitting and aiming at the target with a gun. He is wearing headphones and glasses. The shooting range has three seats and is not very big. Behind a man, there is a wall with a fire extinguisher and a table. "
74,"In a city. A double-decker bus of red color comes to a stop and picks up people. Behind a bus, on a square, there is a big white building in a classical style. On the right side of the bus stop, there is a fountain. "
75,"In a city. A double-decker bus of red color comes to a stop and picks up people. Behind a bus, on a square, there is a big white building in a classical style. On the right side of the bus stop, there is a fountain."
76,"Inside of a preson cell. There is a bed, a wardrobe and a table with chair and a toilet. On top of the bed there is a small window with the bars on it."
77,In a grass field. There is a landing place for the helicopter. The helicopter slowly approaches the ground. It is yellow. There is a warehouse in the back. There are also yellow tall boxes made out of profiled sheets.
78,Inside of a small bedroom. Three men are laughing really hard. They clap and slap in excitement. One of them leans on the wall.
1,"There is a bathroom, with a silver toilet and made of white tile walls with a blue strip of tiles. There is a white garbage bin that's half full. There are three toilet paper rolls, one roll is hanging out ready to be used. The blue tiles are in a pattern of light blue and dark blue. The entrance for the washroom is a large silver door. The bathroom is clean.  "
2,"The room is covered with gas dials and large spigots on the ceiling, there are wires and cables all over the room. There are gadgets and buttons with black covers on the wall. From top to bottom there are buttons, and handles. There are silver small railings to hold. The floor is painted white and the paint is chipping. There is a small red ramp, and next to that there is a small metal staircase leading to another room. The room is well lit. There is red writing on some of the gas dials, there is a grey and red box on one corner."
3,"This scene shows an empty cafe or restaurant, the chairs are empty, the chairs are coloured in grey and orange and the tables are white with plants and grey dining table covers. There are white pillars around the restaurant area. There are black chandeliers made of four candles hanging from the ceiling. There are green and grey booths on the wall. The room is surrounded by floor to ceiling mirrors, the mirrors are covered by see through curtains and cars pass on the busy road."
4,"In this room there is a floating bed with a man sitting on it, a small reading desk with a black chair, the desk as a remote and other items like a small plant. The curtains are seen through, some of them are open letting in light. There is a small side shelf floating next to the bed. A man wearing a plaid shirt and blue jeans has his legs crossed and is lying on his back on the head of the bed . The man is using his phone and he puts his phone next to the side shelf, he takes a few steps out of his bed and grabs a remote. He turns the TV on standing and sits back down on the bed. The TV is small and mounted across the bed."
5,"This scene shows a bloodied bathroom that has a laundry washer. The washer has a bloodied axe and an organ. There is a walk-in shower with white curtains that are covered in blood stains. The bathroom is made of white tiles that are covered in bloodied hand prints and the text RUN on top the bathroom tiles there is a framed rectangular picture of a speed boat. There are red towels on the floor and next to the sink. The sink has a mirror cabinet that has blood stains. The white porcelain sink has more blood going down the drain. There is a black box on the floor, next to the box there is a heater. The toilet is white but has some blood covered and the seat is closed."
6,"This scene is of a bird housing shed. The shed is made of cedar wood planks, there is a large window and an open door entrance. There is a wooden white shelf on one of the walls. The shelves had some toys and slits in them. On the floor there is a yellow bucket, a stool and wooden square planks on the corner. The floor has a silver feeding trout. The birds are sitting on wooden triangles mounted on the wall. They fly down and eat from the feeding trout. They pick at it for a bit and fly back up"
7,"The room is small, painted in a light yellow colour with thick cable wires mounted to the tops of the walls lining the room and ceiling, the wires are held together by small metal pieces. The wall has a corded phone hung, there is a small black box that has a button to open a door adjacent to the button. Across from this wall, there is a rectangular light mounted on the wall. On this second wall there is another large metal door. The door slowly opens and a man in a hazmat suite enters the room. The door closes behind him. He walks to the second door and presses the button to open the door. He takes a step back and waits for the door to open"
8,"This scene shows a hilly forest with a trail going down a hill leading to a windy pathway. The trees are dead, and a lot of leaves cover the floor. There are patches of snow on the ground, the forest has indented ground patches and the snow covers these areas. The sky is sunny. The wind blows against the branches of the dead trees."
9,"There is a busy fire station, with large red bay doors. The station has four doors, two of them are closed while the other two are open. Two vehicles are reversing into the bay doors. One of them is a smaller ambulance that is red with a bright yellow strip. The other is a large red fire truck with silver side sliding doors and a hose at the back of the truck. Their reverse lights are blinking as they slowly back up into the station. Next to the station there is a neighbourhood of condos. The neighborhood is quiet with no driving cars or people. The pavement is wet, the leaves fell off the trees and the sky is gloomy."
10,"This scene is a soccer field busy with people playing and watching the game. A few of them are sitting on chairs watching while most stand around. Some are sitting far on the wired fence that is surrounding the field. The field is a bit patchy. There are two teams playing, an orange team and yellow team wearing coloured pinnies. The ball is kicked in the air from a distant player and players from the teams rush to grab the ball, two players run into each other and one fouls the other. The ref blows his whistle, the player in yellow helps the orange player on the floor and pats his shoulder. The injured players get up and rejoin the match. The ball is brought back and another player does a free kick."
11,"The scene is looking at a small town from a building with metal scaffolding, there is a green mesh surrounding the scaffolding. The building diminished. The town is made up of houses with large pointy triangular roofs, in the center of the town there is a large building with a lawn surrounding the building, this building has white and black metal and stone fencing, there are some large trees planted and there is a drive way that is open leading to the house. Next to this house there are a lot of other houses with similar designs. The road is clear and one car is parked there. "
12,(missing)
13,"A lady is spray painting the side of a building. The building looks abandoned with broken glass and vines growing on the side of the building. There is a lot of garbage next to the building like loose cement bricks, white bucket squares filled with grass, tires and other small items. Behind one of the large white squares on the ground there is a man wearing a black hoodie looking around. The lady is painting over a white gerifiti mark, the gerifiti is on a silver large door of the building. She moves her body around and takes a second and stops looking at the paint job as she continues to spray the paint."
14,"This scene is a long tunnel, it has a narrow comment pathway big enough for a bike to go down. On the edges there is a small sidewalk on both sides of the path, there is a yellow paint trip separating the sidewalk from the bike path. The tunnel is well lit with walls made of half tile and metal heaters attached to the wall. There are vents mounted on the wall. A man drives down the pathway on his bike, the bike has one light on. Behind there are two people walking. The tiles are coloured white, there is a blue strip of pain at the top half of the tiles, and orange paint on the ceiling."
15,"This scene is a dance hall, in the center there is a dance group, performing hip-hop dance moves as a group. They wear matching outfits and perform in a large open room, there is a large crowd of people sitting down watching them. The stage and dance area is lit with flashing disco lights and blue and pink lights. There is a stage area with a large LED sign that says hull. The crowd is cheering and some are clapping for the dancers."
16,"This scene is an underpass tunnel area that is dark which leads to an open field with trees and bushes. The sun has set and there is little light in the sky. A man is riding his bike down this path, a lady passes him but a man rushes at her from the dark shadows of the underpass and he takes her. The lady attempts to resist and screams but the man drags her into the corner."
17,"There is a trail that comes from an open field, and leads to an area that is covered by tall dead trees, the floor is covered in leaves but the pathway is clear. A man near the bushes and trees wearing a black outfit puts on an anonymous mask and hides behind the tree as he crouches down. A lady running down the path encounters the man, he grabs her. The lady screams and tries to resist but the man drags her behind the tree trunk. The lady is wearing a green athletic shirt and black pants"
18,"This scene shows a busy go-kart racing track, the track is lined by a black and green curb that outlines the tracks. The track ceiling is made of a metal ceiling with exposed metal bars and large patches of glass on the ceiling bringing in light. There are drivers going fast on the track, wearing helmets and driving different coloured go karts."
19,"We are shown a room with large vaults that have silver handles and magnets on them. On these large doors there are multiple papers and signs hanging on the wall. The room has yellow tiles. There is a large silver transport cart on the side, some storage containers, a sink area with white cupboards and a blue garbage bin next to it. A woman enters the room wearing scrubs, and gloves, she opens one of the vaults and removes a body tray, there is a body covered in white paper on the silver tray. She leaves the door open and the door is helped open by the tray, she leaves the room after this."
20,"This scene shows the entrance of a hospital where multiple paramedics are walking in throug the sliding automatic doors. An ambulance light flashes in the distance and we can hear some noise. The paramedics walking and in between is a person lying down on a stretcher, the man is strapped in the stretcher with multiple belts going across his body and he has a lot of medical items on him. Some of the paramedics are wearing black uniforms while others are wearing yellow and red, some of them carry ipads while the others help push the patient and others carry charts that dangle down. They walk together and a lady in front of the group opens the door and they all enter the room as the glass slide doors open."
21,"This scene is in a physician hospital room, a doctor sits in front of a patient using medical equipment to look at his eyes, the patient is sitting on a black chair, next to him is a red chair and a lime green desk with some medical equipment on top and next to the desk. The room has a hospital bed, some yellow coloured cabinets and drawers on one side and the door into the room is open with the number 14 printed on the door in orange. The doctor is wearing a white lab coat while the patient is wearing a black shirt and dark coloured pants."
22,"A woman is standing in front of the entrance of a hospital, she is wearing all white and is digging through a bag that she carries on her arm. She puts her bag on her shoulder as she walks around the entrance, she is coughing and she is hunching down after every cough. The hospital entrance is not busy, with her only standing there. The doors to the hospital are clear see through glass with a red line strip going through the middle laterally. There are two blue garbage bins in front of the doors. The lady walks towards a small shelter next to the doors behind a wall."
24,"This scene is of an eastern european church made of old stone, the paint is chipping and the windows of the building are carved in. Next to this white building there are multiple housing complexes, some are coloured yellow, beige, red. All the buildings are designed in an easter european  style. In front of these buildings there is a large and open road made of small square stones. On this road some people are walking casually, a bike is parked next to the church. "
25,"A lady dances inside an empty dance studio, she's standing on her hands and moving her legs in a wave like motion upside down. The dance studio has some silver poles around the room. The floors are made of grey wood, on the wall there are purple silhouettes of people dancing painted on the wall. There are mirrors mounted on the wall with purple LED lights on the floor. There is a small window at the top of the wall. One wall has three children silhouettes painted, the other silhouette is on the adjacent wall with one woman dancing.There is music playing and the woman is dancing and ends up landing on her knees to finish the dance."
26,"Two horses are behind a small wooden fence, one horse is all white and the other is golden brown with a white strip on its head. The horses are looking around, some are picking at the floor. The stable is made of two houses, one connected to the fenced horse area and another white building is connected to the stable house. The grass is covered in dead leaves, next the fence there is a small muddy trail, on one side there are some wires and random items lying on the ground. The trees are skinny and dead. "
27,"This scene shows the end of a water slide. The water slide is orange and leads to a room made of white tiles with floor vents and a silver railing next to the exit of the waterslide. On one side of the slide there are small water floats stored. People calm down the rushing waterslide, some of them are making sounds of excitement, they exit the slide and hurley move to the door next to the slide. There are two people who are riding singular red and yellow floaties while a couple comes down riding a blue double floatie."
28,"There are men dancing on a stage wearing white tank tops and tight jeans with timberland boots. They are dancing in sync to loud music, they rip their shirts and dance, they are doing tricks and jumping over each other, they swing their shirts around the side fast and hold it above their head and stop to pose. The stage is coloured with pink, blue and red lights. THere are multiple people watching in the crowd and they cheer for the performance."
29,"Multiple people are on a hill overseeing a city in the distance. Some are sitting down on a leather brown couch, others are sitting on the ground. Some are sitting in black metal chairs while others are standing around. Some of them are smoking and others have drinks in their hands. They are swinging their bodies to music. The people are wearing jackets and layers of clothes, the sky is a bit cloudy and the trees close to the people are leaves. The area is busy, with multiple people crowded in the same area, some people are hugging each other. "
30,"This scene is of a mansion that is painted white, it has a canopy patio and balcony, the roof has a decorative trim, and the building has large windows. The front of the building there is a large open driveway where some people walk by. There is a statue on a pedestal, and next to it there is a bench. The area around the house is well landscaped, with bushes cut  well. More benches line the side. Some people walk by the front of the house. "
31,"A zookeeper feeds animals, she has a bucket of food and a pack of animals follow her around. The area she is feeding them in has broken tree stumps and tall and skinny trees surrounding the area. The ground is covered in leaves. The animals peck at the floor to eat the food. There is a signage area with a small roof and shelter area, it holds clear glass."
32,"A zookeeper feeds animals, she has a bucket of food and a pack of animals follow her around. The area she is feeding them in has broken tree stumps and tall and skinny trees surrounding the area. The ground is covered in leaves. The animals peck at the floor to eat the food. There is a signage area with a small roof and shelter area, it holds clear glass."
33,"There is an overpass that goes over a busy road with cars speeding below. The overpass has red railings and a lady is leaning against the railing watching the cars pass by. There is a small road on the bridge overpass, and a car passes by. There are trees lining the road, they are coloured in green, yellow and orange."
34,"The walls are covered with wall climbing steps and grips, the walls are shaped in unique ways with some wrapping around the room and protruding out. The walls are painted in green and white with the grips and handles being coloured in multiple colours like blue green grey and white. A few people are climbing the walls, some are resting on the floor. There are 5 people in this room. One person is sitting by themselves on the floor, later a woman comes to join them, they sit together for a while. The person sitting down is wearing black sweater, the girl is wearing a green and white shirt. The person wearing the black shirt that was originally sitting down alone gets up and walks towards the wall. On the right a man in a green shirt is climbing the wall."
35,"This scene shows a Volkswagen car showroom, there are multiple cars placed around the room, each car has a white pedestal with a written description, the cars vary in colour and shapes. The room is large and well lit. It had an exposed ceiling showing the pipes and the metal holding the room. There is a large glass roof, with metal parts in between the glass. The ceiling structure is painted in white, there is a van hanging from the ceiling. The showroom is empty with no people present. The weather outside is bright, letting in a lot of light into the showroom."
36,"This scene shows a roulette table with no one playing the game. Many people are having side conversations at tables close to the walls. Some are standing while others are sitting at tables. At a distance, there are more people, loud music is playing and there is a disco ball with lights flashing. There is a stairwell behind the roulette table. The place is busy with multiple people walking around. The people are wearing formal clothing. The walls are lit with ink and blue LED lights."
37,"This is a dance hall, with a stage and multiple people watching and listening to the man on the stage. The people are standing and jumping to the rhythm of the music, the man on the microphone is shouting out dancing instructions and laughing. There are many people jumping rhythmically and some are shouting. The hall has flashing red and blue lights, there is a large blue crystal chandelier on the roof. The stage is surrounded by red curtains and red lights. A man moves around the stage taking pictures, he later comes on the stage to take more. The people are dressed in formal wear, many wearing suits and long dresses. The song dies down and people stop dancing."
38,"A man is sitting in a dark cave with small candles lit all around him, he has a hoodie over his head with the strings drawn so that only his eyes and nose can be seen. The hoodie is black. He shines a cellphone flashlight beneath his face. The rock above his head has white words spray painted."
39,"This scene is a tattoo shop, a lady is lying down on a bed with her leg exposed as another man is tattooing her calf. The lady is lying down on her back with her arm below her neck as she is looking at where the man is tattooing. In the shop there are other beds to the corner, and fans and bags on the floor. The walls are painted half with a dark purple paint and the other half being white tiles. The floor is made of cement, the wall next to the tattooed man is mounted with equipment behind plastic covers, they are organized in neat squares and labeled."
40,"This scene is an orange cart on an amusement ferris wheel. The cart is moving backwards slowly, as the cart moves, we see the other cart across from it moving. The ferris wheel is made of white metal, and it's placed inside a loud and busy amusement park with loud alarms ringing and children screaming. The view shows multiple trailer cars parked, an open green field and smaller cars on one side of the park, and on the other side we see other rides and small houses with solar panels on the roof. People are walking in the park, the other rides are colorful and some have bright colourful lights flashing. "
41,"This scene shows a busy to-go food restaurant countertable. There are see-through glass casings displaying various types of food on dishes, there are two countertops separated by an entry into form behind the counter. One counter has blue LEDs flashing and outlining the food display, behind this counter is a man who is giving food to people on the other side of the counter. The area behind the counter is busy with people getting food ready, the workers wear orange shirts and move rushly preparing food. A man standing in front of the counter grabs an item and walks out of the restaurant. In front of the counters there is a fridge with pop drinks. The restaurant is busy with people coming and existing and some waiting for their food. In addition to the one that grabs his food, one man orders and steps back, and two people enter the restaurant. The food place has a designed roof with black pebbles and blue LEDs. The floor has a black and white tile pattern, and a red carpet lines the area in front of the counter and leads to the exist and entrance"
42,"This is the lobby of a movie theater that is well lit, there is a circular desk with white LEDs and a black strip making a strip pattern. The lobby is busy with signs of movies placed on the floor, decorative trees on one side, and a box cutout of a 3D city on one side, on one end of the lobby there are large signs of movie posters, The lobby has a few people walking around, some are sitting on benches attached to the wall waiting. THis movie lobby has a second level with a stairwell on one side, leading to a balcony that's lined with small square papers. There are people giving each other hugs, a family of three walking together. A person going up the stairwell and people checking in at the desk in the lobby. "
43,"THis scene shows a large dog house, with piles of hay spread around the floor, there are some stacks of hay on the sides. A bed that is unmade with a white bedsheet, the room has an exposed ceiling with plywood and wooden studs lining the ceiling. There are toys and tunnel running toys placed all over the area, there is a small castle tent with a blue towel inside it. Behind this castle toy tent there is a small table with a bright yellow table cloth. Across from the table there is a small room, the room is separated by a wall with large open slits and an open doorway. There are small tiny dogs playing and moving around the area, they wag their tails. Some of the dogs are lying on the bed. "
44,"This scene shows a dark path that's lit by one street light. The path is surrounded by trees and bushes. The path is empty, and it leads to a lit area. Lining the pathway is a small concrete railing. The sky is pitch black, and only the side street lights lit up the path"
45,"In this scene there is an empty room with empty chairs that have a small cloth hanging on them. Rectangular windows line the walls, on one side there are shelves mounted to walls with small cedar trees decorated on the shelves. There is an aisle run away splitting the chair sections in half, the aisle leads to a stage area, with a podium on one side. Behind the podium there is a casket decorated with flowers and candles standing on silver pegs. Next to the candles there are green pushes also standing on silver pegs. The casket area is well lit, the casket is cedar brown, and there is a large red square painted on the wall behind the casket."
46,"There is a church hall with its lights dimmed and multiple people sitting on benches holding a small paper as they watch a choir group sing, they are being conducted by a man standing on a pedestal. The choir singers are standing on the stairs in ascending order, they are wearing white while there are instrument players with black suits sitting on chairs on the floor. The conductor has his hand around, the band goes from singing in a low tone to getting louder gradually. The church has large carved arches and pullers."
47,"There are multiple people in a surgery room, they wear sterile blue gowns, hair covers, masks and long cloves. The room is spacious, surrounded by medical equipment, some are on wheels and put to the side while others are close to the physicians. There is a TV on a medical cart to the wall, there is a long wire on the floor plugged into the wall. The physicians are clumped together, two of them are standing on one side of the table passing equipment to the surgeon that they grab from a small table with a blue sterile table cover on top of it and hanging. To the far side there are two people wearing green scrubs. There is peeping and people conversing."
48,"This scene is the inside of a shopping store, with shelves stocked with varying items of multiple colours. The shelves are neatly organized with some areas shopped well and half empty. There are some bins lining the aisle. A lady with a handbasket on her arm looks at the shelves, grabs an item, examines and reads it then puts it in her basket and turns away from the shelf. The store is well lit, with signs on the wall aisle. The floor is clean and white, the store isnt busy."
49,"This scene shows an open park with neatly cut grass and well landscaped trees, the grass is bright and clean, there is a side walk and trail that goes alongside this open area. There are cars parked on the other side of this park, the skyline is full of tall buildings and skyscrapers. The road is busy with cars going by. Some people are walking on the sidewalk. The sidewalk next to the road is coloured in a brownish red, while the pathways that enter the park area are coloured in grey."
50,"There are multiple people in black uniforms and bullet proof vests, ski masks and pistols standing in a hallway in front of a door that's open. A loud noise is heard and a scream follows, the door gets slammed shut and the people in uniform withdraw and pull their guns out pointing it at the doorway. Some take cover and hide near the stairwell while they have their guns pointed facing the door. Next to the room, there is a stairwell that has glass doors with black frames. Besides these glass doors is a man wearing a blue and white vest, leaning against the wall casually with his hands behind his back, he is wearing a black ski mask. The people in the black uniform are shouting as they move back from the door slowly."
51,"There is a gun range that is covered in white panels with silver metal stripes making a pattern of rectangles. In the gun range there is a woman with yellow soundprove headphones, she has a pistol and is shooting downrange at a green screen. Next to her is a man wearing a black shirt and khaki chinos, the woman is wearing a grey sweater and black pants. In front of the man is a small desk with some items on it. Behind both of them is a man standing, with a green shirt and blue jeans. "
52,"This scene is an open field, that's covered in snow, the field is empty with a trail next going alongside the field. There are trees lying along this trail, they are skinny and have no leaves, there are some ever green trees next to these trees. The trail has multiple foot traffic, and footsteps while the rest of the field is empty and has untouched snow"
53,"There are multiple people sitting on top of a hill that's rocky and has large stones which people sit on, while others are walking around. There are a large number of trees around the area, they are green and bright. The skyline is covered with large sky scrapers that are at a distance. Some people are on their phones, most are sitting as a couple while others are by themselves. The sky is clear and sunny."
54,"There are multiple people sitting on top of a hill that's rocky and has large stones which people sit on, while others are walking around. There are a large number of trees around the area, they are green and bright. The skyline is covered with large sky scrapers that are at a distance. Some people are on their phones, most are sitting as a couple while others are by themselves. The sky is clear and sunny."
55,"This scene shows a man in a gun store, surrounded by varying types of large guns hung on the walls displayed for people to see. There is a counter that has some documents and other items on top of it, next to the counter are some boxes which are stacked against the countertop, there is also a metal storage area and an old TV hung on top of it showing camera footage. Behind the counter there is a small white storage shelf with a large sniper gun on top of it. In this room there is a man who stands in front of a wooden table that is assembling a pistol. He connects parts to put the gun together, he then aims the gun and pulls the tigger"
56,"In this scene there is a gym, with multiple women exercising and following along an exercise program being led by a man on a black stage. The stage has a black platform and two speakers hung on the roof next to it. The gym studio has exposed piping and metal beams with rectangular slits for windows also on the ceiling. There is music playing, and the instructor is shouting instructions and the woman follows along. They are working out, holding a metal bar on their shoulders as they squat and jump back up, after doing this for a few minutes, they switch into performing lounges with the bar still on their shoulders. In front of each person there is gym equipment like weights and a step stool as well as water bottles. The room is adequate lit by a large circular light in the middle and other spot lights on the ceiling."
57,"This scene is a house, the living room and dining room are connected. In the living room there is a large blue sofa that is converted into a bed with a blue blanket put on top. On this sofa bed, there is a woman with blond hair and beige shirt, she is feeding a baby who is lying on a pillow, the baby is moving their hands and feet, and the lady is playing with the baby as she feeds the baby. There is a baby seat on the floor, pillows around the sofa, some framed and decorative artwork on a white shelf, a large plant accompanied by a small plant, a TV on top of a wooden shelf that is a flower pot next to it, and an accent grey chair beside the blue sofa bed. Across the living room there is a dining table with 4 grey chairs."
58,"This scene shows a sidewalk overlooking a city from a height, there is a decorative concrete railing with short pointy pillars between the connected railings. On one side of the railings, there is a large statue with arches and a large medieval era dome on top. There is small signage and electrical boxes next to the sidewalk. There are multiple trees that have no leaves. On the opposite side there is a large downhill with ever green trees and bushes, beyond that is a small city and large hill. The weather is cloudy. The pavement is wet and there are some small puddles. There is a person walking alongside the railing."
59,"A busy train station with multiple carrying luggage and bags, some are carrying bikes and scooters and large carts to store other people's belongings who are riding the train. A man is making an announcement on the PA system. There is some signage hanging around the train station. One train track is empty, while the other track has a train painted in white with a red stripe. A train goes by slowly on the empty train track. The platform is busy with people, there is a staircase going down and exit doors next to each other on one side of the station."
60,"This scene is of a room that is small, and only lit by three candles. There is a small porcelain sink and a silver tap. There are two candles next to this sink. There is an area that is covered by a black tarp on the side of the room, on the other side is a small candle on the floor and the hilt of a sword lying against a wall. The ceiling shows exposed pipes coated in white paint. "
61,"There is a lot of snow everywhere, that is covering the bushes and is on top of the houses. A person is shoveling the snow off the ground. The car they are digging the snow off is covered in snow. The sidewalk is cleared of snow. The houses are complexes in varying colours of green, brown, beige and red. Cars pass by as the person removes the snow from the floor. The sky is clear"
62,(missing)
63,The room has multiple silver cages and wear on the floor. The floor and walls are made out of bricks and white heaters on the bottom half. There is a white door entrance with some vet equipment like an apron and broom. There is a dog barking and running around his cage. 
64,"This scene is of a beach that has some people lying down, the sand is white with a french blocking off the beach area. The water is clear and blue, the sky is clear and sunny. The water waves  crash against the white sand and pull back. Behind the beach is a couple of houses hidden behind some trees. The people are sitting and lying down, some are sitting underneath blue beach umbrellas. "
65,"There is a person with long golden hair playing the piano alone. There are two french windows that are open showing the rooftops of nearby buildings. There is a blue duotang on the window edge. In the room there are other pianos and music sheet stands as well as other cabinets. THe person playing the piano is sitting down. The room is painted in white, and the floor is brown."
66,"This scene shows a veterinary clinic with cages for storing animals that have some toys and litter boxes. The cages are large and white. The cats are climbing the cage and moving around while some are just sitting. In these cages there are some white and black haired cats. The room is clean with white tiles lining the walls. There is a broom, garbage bin, a white trash bag, a blue pet carrier. There is a silver sink with some metal dishes in the sink. There are white cabinets on top of the sink and some kitchen drawers and white storage shelf"
67,There is a large amount of chicken pecking and walking around the uncut grass. They are fenced in by chicken wire. Behind the chickens there is a small house that's white with a large green sign attached to it. Amongst that house there are multiple other bricked houses with brownish roofs. Some of the chickens fly away.
68,"This scene shows a busy and very loud down center with large digital billboards and skyscrapers surrounding the sky line. The sky is clear and sunny. People cross the busy road, yellow taxies and other cars drive around, some sounding their horns. A man with a woman points at something while another lady is posing for a picture, she flays her arms, holds her hips as she takes multiple pictures. Another woman in white and blue jeans is taking the photos. The lady changes where she is taking the picture multiple times."
69,"The scene is a hair salon that's empty except with one man who is getting his hair cut by a stylist. The other chairs are empty, the salon is clean with mirrors and grey chairs. The floor is made of white tiles and grey tiles. The hair stylist is moving around the man getting his hair cut, he walks to his tool desk to change what he is cutting hair with. "
70,"This is the scene of the back of an ambulance, the ambulance is white with bright orange cupboards and storage areas. Some medical equipment is embedded into the walls. There is one paramedic wearing a white mask and blue shirt sitting at the head of a patient who is unconscious. The man is shirtless and covered in a beige blanket. The man has a lot of medical devices on his upper body and an air mask/bag. The woman is writing things in her paper clipboard as she looks around the medical devices. "
71,"There are a lot of pigs behind the green cage, they are all eating from a blue and clear feeding area. Some of the pigs are eating the food while some are moving viciously and fast around the cage bumping into other pigs. The pigs are sectioned off into four cages and there is a catwalk separating the cages in half. There are some food pebbles on the floor but the floor is mostly clear."
72,"A person is playing mini golf in a dark neon coloured mini golf course. There are bright blue neon coloured small mills and mini mountains surrounding the course, with small volcano-like rocks painted in red and black neon. The person slowly swings and hits the golf ball. They crouch down to place the ball first and they hit, and then they crouch down once again. The mini course is empty and only one person is in the brightly coloured dark large empty room. "
73,"This scene is a gun range with a man sitting down aiming down range, he shoots about 5 times.The gun is loud and he takes a minute to aim before each shot. There is no one else shooting but him. He wears a green shirt and white pants with a baseball cap. The shooting range is clean with first aid kits attached to the walls and sound proof white panels surrounding the walls."
74,"This scene is a busy bus stop with people crossing the roads, sitting down waiting for their bus, while others stand to wait. Some people are walking around the city with one bicyclist driving alongside the buses. One red two level bus approaches the stop sign and people board the bus. The other bus travels down the road not stopping at any stop. The sky is clear and sunny, the buildings are old style and one has a large dome while the other is a brown bricked house."
75,"This scene is a busy bus stop with people crossing the roads, sitting down waiting for their bus, while others stand to wait. Some people are walking around the city with one bicyclist driving alongside the buses. One red two level bus approaches the stop sign and people board the bus. The other bus travels down the road not stopping at any stop. The sky is clear and sunny, the buildings are old style and one has a large dome while the other is a brown brick house.
"
76,"The room is small like a prison cell and has one twin sized metal framed bed, there is a wooden desk and chair as well as a closet above the bed there is a small bared window that is lighting the room. There is a silver toilet attached to a sink that has a small mirror above it. The room is painted in grey and white"
77,"This scene is a helicopter landing pad, the area is empty with a small shed painted yellow and silver surrounding the track and a small terminal with large windows. The area is surrounded by a clear field with bright green grass, the sky is a bit cloudy. A yellow helicopter approaches the landing pad slowly. 
"
78,"Three men are in a small room that has one bed with a few items on the bed and white bedding, a small red rug, a reading desk with piles of paper and a clothing area with a small closet and  side desk. The room is clean and organized, the men in the room are laughing hard, and their laughter gets louder and louder. One of them is wearing a grey shirt. black pants and glasses and the other is wearing a blue zip up hoodie and shirt, they laugh and keep their hands close to their body, on their waist mostly "